{
  "objective_ids": [
<<<<<<< Updated upstream
    "DamageToPlayer",
    "TimeAlive",
    "TreeSizePenalty"
  ],
  "weights": [
    1.0,
    0.0,
=======
    "DistanceSafety",
    "GoalProgress",
    "VisibilityRisk",
    "HealthSurvival",
    "ItemValue",
    "TimeEfficiency"
  ],
  "weights": [
    0.038731738924980164,
    0.1635918766260147,
    0.36800050735473633,
    0.061675265431404114,
    0.36800050735473633,
>>>>>>> Stashed changes
    0.0
  ]
}